1,jypestraykids,Stray Kids,138M,64M,23M,502K,342K
2,khabylame,Khabane lame,1492M,173M,23M,152K,87K
3,scarlettsspam2,scarlett,21M,179M,8458K,539K,63K
4,addisonre,Addison Rae,887M,22M,9066K,76K,262K
5,belindatok,Belinda,48M,142M,15M,145K,153K
6,onwardwanna,WannaðŸŠ,75M,12M,2M,204K,42K
7,therock,The Rock,554M,131M,15M,143K,119K
8,bizarrap,bzrp,58M,162M,27M,42K,69K
9,landonbarkerr,Landon Barker,38M,117M,12M,191K,152K
10,mrbeast,MrBeast,422M,13M,17M,172K,21K
11,charlidamelio,charli dâamelio,1462M,152M,9594K,208K,46K
12,amauryguichon,Amaury Guichon,145M,114M,15M,72K,118K
13,jetbentlee,Jet,39M,124M,22M,36K,66K
14,kervodolo,Kervodolo,103M,57M,13M,79K,276K
15,ttdramanews,TT Drama Layla,8563K,61M,11M,166K,177K
16,mishayoung,ÐœÐÑˆÐ ÐÐÑÐÐÐµÑÐºÐÐ ðŸºðŸ,4M,108M,680K,57K,225K
17,domelipa,domelipa,581M,104M,15M,91K,35K
18,kyliejenner,Kylie Jenner,47M,123M,19M,55K,26K
19,enhypen,enhypen,127M,43M,11M,248K,143K
20,kimberlyloaiza,Kimberly Loaiza,672M,88M,12M,121K,43K
21,ramonvitor,ramonvitor,87M,93M,19M,73K,24K
22,txtbighitent,TOMORROW X TOGETHER,181M,38M,11M,274K,95K
23,emraynea,emraynea,11M,51M,14M,66K,135K
24,bp_tiktok,blackpinkofficial,312M,45M,8396K,139K,222K
25,mtarekofficial3,Mohamed Tarek  ÙØÙØ ØØØÙ,13M,47M,8642K,219K,8K
26,zeth,Zeth,13M,85M,17M,22K,62K
27,kurtsworld,Kurt Kunkle,13M,49M,6859K,301K,33K
28,joshtgodfrey,Josh Godfrey,2855K,64M,5876K,128K,163K
29,justinflom,JustinFlom,61M,129M,7892K,45K,62K
30,williesalim,WILLIE SALIM,155M,81M,5892K,174K,54K
31,rosalia,La Rosalia,255M,142M,12M,33K,26K
32,birovr,Biro,3M,64M,7609K,61K,143K
33,kietacquy,Kiát áºk Wá,33M,52M,8422K,123K,85K
34,threedotcorey,corey,49M,63M,14M,29K,71K
35,iamferv,Fernanda,315M,66M,9623K,10K,39K
36,winnermaxyt,WinnerMax,45M,138M,1M,18K,45K
37,devankey,Devan Key,8M,69M,9762K,86K,37K
38,yunggravy,Yung Gravy ðŸ,66M,95M,14M,35K,27K
39,siscakohl,Sisca Kohl,124M,92M,11M,62K,18K
40,lexibrookerivera,Lexi Rivera,232M,75M,9925K,85K,18K
41,leith1423,Leithal,11M,79M,13M,38K,32K
42,imeyhou,Meyden,3M,9M,7995K,8K,16K
43,bblek,bblek,26M,8M,6167K,64K,74K
44,mcpedrinhoofc,Mc Pedrinho,5M,82M,12M,5K,2K
45,jennmelon,Jenn Melon,22M,55M,14M,38K,49K
46,nilered,NileRed,103M,6M,1M,44K,63K
47,zhangxi_acupuntura,doctor Zhang Xi,29M,7M,3785K,15K,225K
48,pongamoslo_a_prueba,PongÃmoslo a Prueba,367M,93M,16M,23K,2K
49,itsmacdoogle,ItsMacDoogle,18M,39M,6859K,101K,13K
50,jesusnalgas,jesus_nalgas,26M,5M,9701K,6K,6K
51,notemmamarie,Em,4939K,44M,7752K,91K,67K
52,daniellabelle,Daniel LaBelle,27M,52M,8168K,38K,84K
53,conangray,conangray,64M,39M,11M,7K,49K
54,spencer_serafica,Xspencer,136M,52M,9243K,59K,4K
55,musikyotogsj,ãããããâMovie,12M,43M,192K,18K,559K
56,ryanbakery,ððððððð ðšðð,29M,54M,5482K,78K,77K
57,soyminisech,ðŸðŸSECHITOðŸðŸ,12M,65M,6034K,2K,95K
58,katyaross,Katya Ross,2933K,28M,6653K,57K,181K
59,vinnyguadagnino,vinnyguadagnino,31M,51M,6293K,59K,72K
60,lelepons,Lele Pons,279M,122M,1M,15K,17K
61,mattsturniolo,Matt,32M,32M,812K,109K,46K
62,rayssabuq,Rayssa Buq,72M,43M,7753K,79K,41K
63,charl1d4meli0,charlidamelio,646K,54M,804K,69K,17K
64,pkllipe,Pk,19M,48M,8933K,3K,56K
65,selenagomez,Selena Gomez,432M,52M,8049K,42K,45K
66,_thememehub_,RANDOM MEMES,23M,38M,7877K,29K,9K
67,lexibrookerivera,Lexi Rivera,234M,76M,8706K,31K,18K
68,bhadbhabie,bhadbhabie,63M,51M,8995K,3K,4K
69,acpitos,acpitos on ig ðŸ,4896K,57M,8588K,35K,31K
70,sofiacarson,SofiaCarson,62M,57M,9035K,32K,29K
71,youngswagonoriginal,YoungSwagon,49M,51M,7525K,14K,67K
72,montpantoja,Montpantoja,357M,68M,1M,25K,19K
73,azzyland,Azzyland,46M,53M,7742K,7K,462
74,soysuco,soysuco,125M,54M,5705K,87K,11K
75,bellapoarch,Bella Poarch,914M,74M,6773K,49K,11K
76,max7424453118,Max Taylor,28M,35M,5726K,52K,95K
77,jordanemel,Jordan e Mel,102M,44M,4361K,3K,122K
78,hannahstocking,Hannah Stocking,265M,78M,8408K,16K,25K
79,_xochitlgomez,XÃchitl GÃmez,73M,7M,13M,26,29K
80,rubentuestaok,Ruben Tuesta,213M,55M,8023K,16K,44K
81,charrliiieeee,Charlieee,51M,12M,4702K,17K,29K
82,kallmekris,Kris HC,463M,54M,9366K,34K,15K
83,dereklipp_,Derek Lipp,53M,31M,4405K,25K,157K
84,jaxwritessongs,Jax,117M,41M,6835K,54K,32K
85,calfreezy,Calfreezy,9606K,65M,8691K,17K,24K
86,loveofhuns,loveofhuns x,1447K,35M,3824K,83K,89K
87,lizzza,Liza Koshy,299M,49M,8028K,22K,36K
88,victormelo,Victor Melo,219M,45M,7367K,25K,42K
89,wisdm8,Wisdom Kaye,85M,46M,8744K,35K,2K
90,qpark,Q Park,336M,5M,4153K,39K,66K
91,_lilg4,LIL G,17M,44M,5219K,55K,4K
92,dylanmulvaney,Dylan Mulvaney,73M,38M,7308K,66K,12K
93,hafizmahamad,Hafiz Mahamad,11M,3M,3251K,144K,75K
94,oficialmarcuseni,marcus_eni,45M,22M,1986K,13K,46K
95,holamargo,margoâœ,41M,67M,8681K,24K,12K
96,dharmann,Dhar Mann,143M,42M,5281K,69K,24K
97,mementoe,MÃtÃ MÃhÃsz,36M,34M,5885K,44K,58K
98,kaelimaee,kaeli mae,106M,55M,7338K,15K,35K
99,paralympics,paralympics,25M,54M,4678K,18K,63K
100,ynchq,ÐÐÑÐÐº,64M,49M,6601K,27K,35K
101,connordewolfe,Connor DeWolfe,54M,3M,6284K,16K,9K
102,awildani13,NgebisOnline,772K,37M,4984K,59K,44K
103,paansih16,gustian_magrib,11M,29M,2305K,12K,277K
104,otoha_danso,éŸçotoha,15M,34M,268K,95K,112K
105,ivanlomelitv,IvÃn Lomeli Travel Blogger,44K,24M,1881K,12K,396K
106,davidguetta,David Guetta,45M,44M,4199K,41K,59K
107,quynhaka,Quánh Aka âœ,19M,47M,3332K,44K,73K
108,gianlucavacchi,Gianluca Vacchi,215M,77M,4771K,2K,28K
109,ashhasacamera,ash,8717K,34M,8547K,41K,2K
110,abdelrhman_boda1,ðŸŽâï ØÛØØØÙÛØØÛÙÙ_ØØÛÙØâïðŸŽ,28M,81M,3374K,13K,51K
111,garett__nolan,garett nolan,134M,42M,3371K,24K,10K
112,sturniolotriplets,Sturnioloâs,4M,28M,6542K,76K,2K
113,juliano,juliano,99M,68M,6252K,3K,1K
114,jwaltonnn,áŠâšï,7334K,16M,3509K,27K,25K
115,zodiacboyfriend,Zodiac BoyfriendðŸªðŸ,21M,27M,4447K,52K,85K
116,litkillah,LIT killahðŸ,24M,32M,4283K,13K,106K
117,stickyboy69,stickyboy69,89M,19M,4788K,146K,38K
118,shxtsngigs,ShxtsNGigs Podcast,49M,36M,6031K,19K,56K
119,faeleamendoim,Fael Alegria e Isaac Amendoim,36M,55M,3216K,13K,79K
120,thallyssonsb,Thallysson Borges,107M,3M,4501K,38K,81K
121,saramohannad_,Sara,79M,45M,3649K,63K,31K
122,miakhalifa,Mia K,357M,54M,6103K,25K,22K
123,qamar_altaey,ððððð,38M,3M,2981K,7K,99K
124,sofyank96,Sofyank96,26M,45M,5651K,25K,34K
125,kooovryt,kika,25M,29M,5162K,4K,6K
126,leesiyoung38,ììœì,174M,35M,6588K,38K,28K
127,jdpantoja,JD Pantoja,305M,46M,7519K,35K,799
128,billlnai,nai,87M,34M,9342K,26K,19K
129,itssassagurl,Sassa Gurl,66M,35M,5653K,31K,41K
130,bargainbethany,bargainbethany,1248K,22M,2087K,18K,283K
131,terryreloaded,Terry Reloaded,65M,23M,5087K,27K,87K
132,gordonramsayofficial,Gordon Ramsay,338M,64M,4881K,22K,21K
133,larissagloor,ðŸðððððð ðšðððð,34M,31M,7568K,39K,18K
134,rah_money1,General ock,34M,32M,4263K,31K,63K
135,aymanehamedi,Weld Mimoune,11M,34M,2985K,28K,98K
136,luvadepedreiro,Iran Ferreira Lai,194M,42M,5717K,37K,17K
137,brookemonk_,Brooke Monk,236M,59M,6789K,19K,14K
138,parnishacook,ÐŸÐÑÐÐÐµÐ ÐÐÐÐÐµÐº,6157K,32M,1837K,352,213K
139,yzn47,ØØÙŠØ  ÙŠØÙ,7M,7M,2492K,12K,61K
140,pimrypie__tiktok,Pimrypie,33M,77M,4663K,23K,12K
141,alanthedude,Alan,6818K,37M,636K,35K,18K
142,daviddobrik,DAVID DOBRIK,262M,44M,4406K,17K,46K
143,montanablack,GetOnMyLvL,25M,34M,4475K,35K,44K
144,vhackerr,Vinnie,149M,33M,4871K,46K,27K
145,cellat36,cellat36,86M,54M,3075K,52K,19K
146,thebenjishow,benji,59M,33M,6438K,22K,32K
147,seventeen17_official,SEVENTEEN,6M,19M,5951K,53K,49K
148,thenataliahms,Natalia Hurtado de Mendoza,739K,35M,2596K,928,118K
149,loganpaul,Logan Paul,159M,48M,9769K,14K,1K
150,andyarthursmith,Andy Arthur Smith,22M,33M,5647K,33K,28K
151,loganpaul,Logan Paul,159M,48M,9769K,14K,1K
152,andyarthursmith,Andy Arthur Smith,22M,33M,5647K,33K,28K
153,cauwave,cauwave,14M,26M,3966K,27K,82K
154,nicollefigueroaa,Nicolle Figueroa,127M,55M,7661K,18K,882
155,brookemonk_,Brooke Monk,236M,57M,6208K,18K,13K
156,oldtimehawkey,Old Time Hawkey,64M,29M,4455K,46K,4K
157,mix_151,ÙÙƒØ _Mix,34M,48M,4819K,32K,14K
158,mmmjoemele,Joe Mele,228M,57M,8484K,12K,1K
159,lordtrunks,Lord Trunks,22M,42M,3869K,3K,36K
160,paytonking,Payton King,53M,26M,325K,48K,76K
161,squatchandsons_customs,Squatch and Sons Customs,2136K,77M,4713K,16K,12K
162,incorrectlyroce,Roce OrdoÃez,84M,39M,6786K,22K,17K
163,lifeofclare,Clare Thurkett,422K,31M,7244K,12K,34K
164,patrickbarnes,Patrick Barnes,24M,22M,4172K,39K,73K
165,thehistorical,History Footage,2015K,29M,3462K,48K,51K
166,blamerobertjames,blamerobertjames,1593K,35M,3472K,44K,39K
167,pollerocho,pollerocho,35M,35M,5672K,841,42K
168,ferchugimenez,Fernanda,77M,45M,8256K,15K,11K
169,jaykindafunny8,Jaykindafunny,243M,48M,6124K,13K,2K
170,kulinariarecetas,AGUS LIPORACE,38M,34M,4089K,443,64K
171,cocielo,JÃºlio Cocielo,5M,23M,6759K,2K,41K
172,darylsabara,darylsabara,6957K,36M,6285K,19K,21K
173,livefromthepark,Ninjy Dave,369K,22M,1302K,1K,306K
174,saraisthreads,Sarai Marie,16M,23M,4627K,26K,61K
175,fhdartz,ÙÙØ ØØØª  FahadðŸŽ,22M,45M,2888K,54K,14K
176,ig_alongwiranda,ðŸŒðŸƒ,8807K,32M,1294K,12K,20K
177,initiaraandini,tiara andini,51M,38M,4196K,26K,3K
178,ndshvv,ndshvv,32M,38M,5524K,34K,764
179,maiaknight,Maia Knight,88M,47M,7205K,16K,960
180,homm9k,ÐÐžÐœÐÐš,444M,38M,4898K,36K,11K
181,dobretwins,Lucas and Marcus,362M,48M,4531K,28K,11K
182,jacksepticeye,Jacksepticeye,49M,23M,5598K,38K,27K
183,franckfs,Franck FarfÃn FS,57M,49M,3309K,1K,41K
184,iamdtg,DTG,12M,22M,2519K,22K,129K
185,jihansalsabila44,Jihan Salsabila,16M,27M,3664K,36K,45K
186,brentrivera,Brent Rivera,449M,49M,5744K,2K,813
187,rayandmadalyn,Ray  Madalyn,11M,36M,4961K,18K,26K
188,nessaabarrett,Ness,194M,4M,4205K,27K,2K
189,leanadeeb,Leana Deeb,104M,39M,5735K,13K,21K
190,justhamilton,Just Hamilton,29M,23M,3711K,19K,7K
191,wilmah10,wilmah10,63K,29M,2082K,27K,99K
192,official_kep1er,Kep1er,48M,27M,5185K,36K,17K
193,loicsuberville,LoÃc Suberville,24M,24M,4581K,16K,52K
194,lana_mohd89,ðððµð ðŸ,57M,41M,2934K,37K,26K
195,bigtugg,Tucker Lindgren,13M,2M,444K,31K,53K
196,jvke,JVKE,77M,37M,5822K,21K,13K
197,bayashitiktok,ãƒãƒãðŸBayashi,336M,44M,492K,26K,786
198,bilalahy,Bilal,35M,22M,492K,19K,47K
199,spicyycam_,Spice King,195M,42M,4141K,28K,13K
200,duythamchannel,Duy Tháºm,4M,5M,4925K,22K,708
201,fedevigevani,Fede Vigevani,146M,4M,4572K,27K,11K
202,korectiion,Iam Cleo,3905K,3M,3768K,43K,17K
203,theovon,Theo Von,27M,31M,3208K,11K,56K
204,dafnnejm,dafnne â,38M,37M,6679K,14K,13K
205,boomershroomer,Ashley Enders,638K,41M,2864K,24K,32K
206,abirsag,Abir el saghir,147M,43M,3028K,28K,23K
207,iamprisleeciyi,Priscilla âÌˆ,139K,23M,5229K,12K,42K
208,mikaylahau,Mikaylah,49M,36M,3135K,46K,11K
209,ranboolive,Ranboo,43M,18M,4148K,7K,16K
210,fadiljaidi,Fadil Jaidi,87M,35M,3907K,29K,18K
211,diiegospyckerzs,Diiego Spyckerzs,8085K,28M,1545K,3K,118K
212,sonyakisa8,Cat Sonya,174M,35M,2877K,1K,53K
213,dbl_n,DBL N officiel ðŸðŸðŸðŸ,22M,36M,3929K,24K,21K
214,gavincasalegno,GavinCasalegno,32M,22M,3947K,53K,19K
215,gordeewa__13,gordeewa__13 ,127M,54M,2937K,32K,722
216,guide_smis,ààààŒ àªààà,2757K,131M,2992K,435,12K
217,lucasmonteirosg,Lucas Monteiro,4869K,38M,4694K,18K,17K
218,dasigantung,Dasi Gantung,59M,46M,6485K,842,13K
219,vanessalopesr,Vanessa Lopes,252M,34M,3278K,36K,19K
220,alexitoxedits,ALEX 3,29M,16M,4671K,39K,44K
221,bretmanrock,bretmanrock,144M,29M,5999K,2K,14K
222,brodywellmaker,Brody Wellmaker,216M,3M,4303K,36K,1K
223,jamescharles,James Charles,369M,42M,3564K,29K,11K
224,pablitocastilloo,pablitocastilloo,58M,2M,2347K,18K,108K
225,jindaouis,Louisa Jindaoui,2M,34M,4922K,16K,19K
226,readyfredi,fredi pÃrs,32M,16M,364K,38K,66K
227,iveofficial,IVEofficial,3M,24M,3556K,41K,27K
228,hannahbahng,hannahbahng,24M,17M,4794K,58K,13K
229,realnikocadoavocado,Nikocado Avocado,17M,34M,131K,69K,6K
230,_andrewcurtiss,Andrew Curtis,28M,2M,3419K,55K,29K
231,datvilla94,ðŸÄáºt VillaðŸ,69M,27M,192K,86K,26K
232,santiperezvivas,Santi Perez,18M,25M,4183K,18K,38K
233,sucsss,AÃucena Guirra,115M,32M,5399K,25K,755
234,thalita_karter,thalitaKarter,39M,34M,2002K,12K,69K
235,davidcstt_,David Costa,53M,35M,4805K,19K,14K
236,strangehumano,nova,104M,38M,4008K,24K,11K
237,gregisms,Gregismsâ Neighborhood,24M,14M,2358K,43K,123K
238,matheuscllaus,CLAUS,54M,27M,3401K,23K,37K
239,halinhofficial,Ha Linh Official,27M,41M,3465K,24K,14K
240,kaanetm,Kaan,33M,16M,4115K,34K,47K
241,nicocaponecomedy,nicocaponecomedy,231M,46M,3173K,14K,23K
242,aitch12,Aitch,2M,35M,3514K,21K,23K
243,kirbyquimado,Kirbyyy,1879K,21M,2749K,15K,76K
244,brycehall,Bryce Hall,227M,48M,4978K,15K,711
245,straange_56guuuuy,aikihoruus,59K,15M,2766K,22K,108K
246,emillyvickof,Emilly Vick,121M,54M,4448K,14K,799
247,datdo0803,Äá Äáºt,76M,37M,3682K,26K,11K
248,darianrojasc,D A R I A NR O J A S,307M,33M,5424K,24K,440
249,nicolassturniolo,Nicolas Sturniolo,33M,25M,4121K,44K,582
250,ricardogaeta_,Ricardo Gaeta,7378K,21M,232K,49K,53K
251,giovannibonaccinii_,G I O V A N N IðŸ,8583K,22M,3176K,3K,41K
252,girlsgenerationofficial,GirlsGeneration,7835K,27M,3552K,29K,24K
253,eupereiraoficial,Eu Pereira,78M,36M,3957K,13K,21K
254,sabrinacarpenter,Sabrina Carpenter,126M,32M,3465K,33K,12K
255,leymarbrown,Leymar Brown,6339K,2M,2515K,26K,71K
256,ferxxo444,Feid,35M,31M,3817K,15K,26K
257,itsqcp,QCP,108M,39M,5291K,14K,948
258,tooturnttony,Tooturnttony,177M,37M,3555K,26K,11K
259,theodortytb,THEODORT,15M,26M,5633K,25K,773
260,drewafualo,Drew Afualo,77M,2M,3221K,65K,977
261,xoang_xa,maliha,9176K,21M,475K,29K,18K
262,runabyte,Runa,9494K,21M,5732K,18K,22K
263,notshanebennett,Shane Bennett,26M,26M,5894K,12K,19K
264,shadisrour,Shadi Srour,22M,32M,1964K,23K,52K
265,ninonrambaud,Ninon Rambaud,1235K,41M,4415K,15K,11K
266,kyleechoi,Kylee Choi,198K,18M,4835K,3K,23K
267,eljuandiduque,eljuandiduque,62M,18M,1713K,15K,134K
268,minami0819,ðŸðŸMINAMIðŸðŸ,16M,2M,1871K,97K,24K
269,raredoodle,rare doodle,18M,32M,3701K,24K,15K
270,benyaparimm,BEN YAPARIM  ðŸðŸ,5193K,36M,1861K,15K,52K
271,thehypehouse,The Hype House,211M,32M,4417K,27K,523
272,livvy,Olivia Dunne,59M,31M,3979K,23K,14K
273,choega,BEDDY,55M,21M,3482K,41K,2K
274,cerenyaldz,Ceren YaldÄz,94M,44M,1841K,48K,712
275,miichaelltran,Michael,65M,25M,4427K,23K,18K
276,dunkmvp,DunkMVP,35M,35M,4057K,14K,18K
277,jimenajimenezr,Jimena,242M,33M,5211K,959,16K
278,tangozilla,TANGOZILLA,280K,22M,4675K,13K,3K
279,melfouad,Melfouad,13M,24M,2094K,21K,66K
280,t22felton,Tom Felton,101M,28M,3035K,31K,2K
281,bu_kre_sabi,Bu Kre Sabiâï,4724K,51M,2552K,659,26K
282,lucasvarelaaaa,Lucas varela,29M,2M,282K,810,67K
283,mndiaye_97,mndiaye_97,151M,22M,4437K,25K,19K
284,jessechrisss,Jess,35M,89M,471K,775,223
285,nvv3,ÙØØµØ  ðŸðŸ alsubaie,4M,29M,1496K,23K,74K
286,tammyhembrow,Tammy Hembrow,17M,38M,4295K,13K,13K
287,jackjos3ph,Jack Joseph,32M,21M,3231K,25K,38K
288,paulo_victormelo2,Paulo Victor Melo,22M,47M,4479K,815,12K
289,phatnail,LÃª Äáºi PhÃt ðŸ,14M,33M,3339K,32K,583
290,straykids_japan,straykids_japan,81M,1M,3449K,76K,39K
291,fwmkalebb,Kaleb,16M,2M,3064K,45K,23K
292,cookiepuentee,Cookie PuenteðŸª,6861K,14M,3368K,18K,66K
293,andyandmichelle,Andy  Michelle,5M,26M,3363K,14K,34K
294,elpelaromerook,Gonzalo Romero,15M,14M,1615K,696,172K
295,leaelui,Lea Elui,173M,39M,5964K,654,11K
296,zeinabharake,Zeinab Harake,144M,35M,4921K,17K,673
297,augustogimenez,AugustoGimenez,135M,41M,6088K,1K,605
298,thefashioncouple,BUCKSJANINA,36M,31M,189K,66K,303
299,ria_d3miri,ria_d3miri,31M,23M,2709K,49K,15K
300,brittikitty,Brittany  Lily,135M,31M,4333K,12K,17K
301,mieayamthebstt,UnaaðŸœ,162M,35M,2755K,25K,15K
302,cryingben,benoftheyear,16M,2M,442K,37K,764
303,keniaos,KeniaOs,154M,2M,3418K,41K,15K
304,okunonolife,nono,8397K,3M,3182K,1K,29K
305,camxnie,Cam  Nie,35M,19M,3236K,1K,53K
306,loewhaley,Laura,27M,25M,2112K,1K,61K
307,vicblends,VicBlends,132M,27M,5239K,18K,836
308,meganfitton6,user3892932795857,87K,2M,3153K,16K,44K
309,renpc_,âœRen PCâœ,48M,16M,3393K,16K,53K
310,christophersturniolo,Christopher Sturniolo,27M,16M,3612K,5K,13K
311,snoopdogg,Snoop Dogg,234M,37M,1681K,27K,33K
312,mdmotivator,Zachery Dereniowski,107M,3M,4249K,18K,1K
313,naimdarrechi,Naim DarrechiðŸ,281M,23M,2284K,11K,6K
314,iamsungstarwin,Sungstarwin,22M,47M,6519K,653,532
315,kopke613,kopke613,4M,16M,2221K,33K,69K
316,esen_alva,Esen,44M,16M,3282K,11K,58K
317,grillervm,GrillerVM,31M,25M,3712K,13K,26K
318,jerellware,jerell ware,958K,22M,4339K,15K,23K
319,jimmydarts,Jimmy Darts,89M,26M,506K,21K,643
320,vienvibi_899,ViÃªn Vibi,75M,4M,3758K,2K,394
321,noguidnce,NO GUIDNCE,22M,22M,4306K,21K,18K
322,lachama4_ff,LA CHAMA á,96M,27M,363K,34K,318
323,sonrixs_,Sonrixs,137M,4M,5344K,1K,642
324,vincentgiganteee,Vincent Gigante,23M,21M,3009K,16K,39K
325,jerofreixas,jerofreixas,14M,19M,1849K,14K,87K
326,madamsoniia,Madam Sonia,36M,64M,4746K,635,509
327,cznburak,cznburak,636M,46M,2284K,23K,978
328,lamaraaa,LA MARA,73M,29M,3769K,22K,904
329,louvoresgospelbr,louvoresgospelbr,13M,19M,2213K,11K,69K
330,rucenuenda1,Ruce Nuenda,21M,33M,4906K,15K,554
331,nourmar5,nourmar5,146M,18M,1369K,48K,88K
332,bebopandbebe,BebopandBebe,7504K,33M,1272K,76K,354
333,daniimolalaa,Ladaniuu,4999K,24M,5865K,998,13K
334,jaimeonod,Telma,18M,2M,2961K,38K,18K
335,starirawan,ssssttttaaaarrrr,5503K,18M,1773K,86K,18K
336,patriotickenny,patriotickenny,23M,21M,2929K,2K,33K
337,xxlechuga,Daniel Lechuga,53M,22M,4761K,12K,19K
338,manhtienkhoi_,Máºnh Tiáºn KhÃi ðŸ,46M,3M,2764K,26K,13K
339,itsjojosiwa,JoJo Siwa,435M,42M,422K,14K,399
340,ajkhiphop,kelil,365K,46M,6706K,686,355
341,ustazebitlew,Ebit Lew,41M,19M,1563K,63K,44K
342,cedricgrolet,Cedric Grolet,13M,33M,2518K,11K,27K
343,danythegaggio,Daniele Cabras,32M,2M,2172K,23K,52K
344,dylanpagening,Dylan Page,31M,16M,2394K,54K,3K
345,mastermind_ph,Mastermind PH,21M,26M,273K,21K,23K
346,maluborgesm,MALU BORGES,29M,19M,2804K,48K,1K
347,vitovideo,Vito ðŸŒðŸšââï,19M,22M,340K,2K,22K
348,frnzlynfby,Feby,37M,19M,361K,26K,2K
349,carolvillanes,Carol Villanes,63M,2M,2947K,48K,467
350,mariabecerra_22,Maria Becerra,83M,27M,3883K,22K,712
351,onerepublic,OneRepublic,6917K,28M,323K,955,25K
352,ngikuttrendaja,Ahmad Rizki,1928K,37M,3045K,15K,12K
353,flickerspark_,flickerspark_,12M,21M,5168K,14K,15K
354,cvsthetico,cvstage,1682K,23M,3131K,25K,18K
355,yahia_x,ÙŠØÙŠÙ ØÙØØØÙŠ,22M,4M,1899K,1K,31K
356,jennialarcon_,Jenni Alarcon,31M,2M,3484K,25K,19K
357,airiiqtieeee,inoue,531K,18M,3213K,27K,26K
358,officialsunnydaze,SUNNY DAZE,16M,31M,4953K,844,12K
359,los_chicaneros,Los_chicaneros,37M,19M,2182K,12K,61K
360,videoschapin,VideosChapin,56K,29M,788K,27K,106K
361,wuesilva,Wue Silva,131M,41M,2834K,12K,14K
362,ladygaga,ladygaga,76M,19M,2475K,44K,2K
363,cx_q,ÙØµØÙÙ ØÙØØµØØÙˆÙŠ 62,33M,31M,254K,23K,15K
364,mitsy270,mitsy,23M,19M,3383K,27K,21K
365,ayesebastien,Sebastien,72M,2M,3965K,21K,18K
366,karljacobs,Karl,112M,19M,4865K,26K,563
367,liltjay,Lil Tjay,52M,19M,2919K,39K,14K
368,irenehsuu,Irene,986K,14M,4017K,13K,39K
369,doctormiguelpadilla,Doctor Miguel,59M,21M,3217K,17K,26K
370,jacobday,Jacob Day,56M,18M,2966K,44K,1K
371,louflores_,Lou flores,28M,22M,2371K,842,47K
372,pakoyaso_,Pakoyaso,128M,32M,2826K,12K,2K
373,ellatchella,Tchella,2M,16M,3816K,15K,34K
374,nashvibes,NashVibes Art,37M,44M,3655K,13K,493
375,jamesdroz566,jamesdroz5661,1034K,19M,1554K,22K,74K
376,egyptianbeaman,egyptianbeaman,8724K,22M,805K,17K,142K
377,mattiastanga,Mattia Stanga,27M,15M,2134K,14K,74K
378,gorillaz,Gorillaz,23M,18M,3409K,28K,17K
379,lonelymoods,N/A,3545K,8155K,214K,54K,106K
380,rayanfahmi,Rayoon,37M,29M,2359K,28K,12K
381,melmaia,Mel Maia ðŸ,118M,35M,4739K,988,662
382,vietduongg_,Viet,1612K,12M,1297K,127K,48K
383,leen_mohd98,LEENðŸŒ,38M,29M,1901K,27K,23K
384,jubiandxian,jubiandxian,57M,25M,3962K,18K,934
385,adrianbliss,Adrian Bliss,73M,23M,4133K,11K,17K
386,dxddy_desi,Desiree Montoyaâï,29M,19M,2508K,49K,764
387,frankielapenna,Frankie LaPenna,48M,27M,2952K,14K,2K
388,xxxten1369,XXXTENTACION,37M,28M,3351K,1K,18K
389,softbulletgun97,Tik Toker,13M,23M,1883K,22K,41K
390,katiessigmond,katie sigmond,69M,29M,340K,11K,16K
391,nnatalieaguilar,natalie  the aguilars,49M,34M,5588K,568,825
392,elchimbatv,EL CHIMBA,33M,3M,2852K,773,24K
393,deiveleonardooficial,Deive Leonardo,61M,13M,1393K,370,142K
394,vitoou,vitoâ_â,524K,1M,1793K,33K,109K
395,twice_tiktok_official,TWICE,179M,13M,3255K,37K,25K
396,christilukasiak0,Christilukasiak,23M,23M,3693K,18K,12K
397,katiavlogss,KATIAVLOGSðŸ,145M,34M,2744K,26K,294
398,nhu_y1203,Nguyán Ngác NhÆ ÃðŸ,6902K,26M,2398K,4K,205
399,jidion,JiDion,42M,19M,4125K,2K,13K
400,lifeofsal,Sal,6143K,24M,1662K,12K,54K
401,nikkietutorials,nikkietutorials,62M,32M,498K,11K,538
402,ivanovik83,ivanovik1983,1727K,23M,915K,11K,111K
403,erictro,Eric Tro,45M,56M,5474K,507,330
404,virginiafonseca,Virginia,341M,3M,4109K,12K,961
405,paigetaylors,Paige Taylor,45M,26M,3933K,19K,546
406,thecoreyb,Corey B,88M,15M,1942K,755,83K
407,carolcastromx,Carol Castro,127M,34M,450K,13K,379
408,ianlucasok,Ian Lucas,45M,24M,2629K,33K,830
409,voronina_valeria_,Valeria Voronina,23M,37M,4604K,11K,334
410,pacodemiguel,Paco De Miguel,68M,15M,2296K,19K,54K
411,joshrichards,Josh Richards,256M,27M,354K,19K,737
412,surasak1437,s áœ Ê á s á á,11M,18M,1885K,463,7K
413,comyuta0305,ãããƒ ãƒãƒƒãƒˆããããŸ,12M,17M,2256K,47K,19K
414,ayutingting,Ayu Ting Ting,72M,29M,2392K,15K,21K
415,yahayraosorio,Yahayra Osorio,3726K,22M,677K,11K,157K
416,tina_042,ðððƒð,795K,18M,314K,2K,24K
417,abosaed49,ØØÙˆ ØØÙŠØ,6614K,21M,1694K,31K,39K
418,theestallion,Megan Thee Stallion,122M,21M,2772K,23K,2K
419,musdalifahbasrii,Musdalifah Basri,13M,22M,1902K,34K,26K
420,haileybieber,Hailey Bieber,98M,35M,3426K,12K,845
421,dialaaljazairi,dialaaljazairi,1987K,4M,1132K,31K,24K
422,chihuahuapeaches,Peaches The Chi,2952K,15M,2967K,2K,36K
423,brunocampos,Bruno Campos,52M,54M,3606K,626,619
424,isaachpkaraokebackup,Isaac HP Karaoke Backup,16M,13M,2656K,32K,38K
425,rafaelsantos,Rafael Santos,185M,25M,3982K,18K,645
426,happytummy_702,Suzy,7313K,22M,3967K,288,25K
427,gemelasabello2,Gemelas Abello,179M,5M,3762K,478,813
428,douhalaribiii,Douha laribii,77M,41M,2404K,16K,823
429,itzyofficial,ITZY,97M,17M,3146K,3K,16K
430,twinklet1ts,rylee,8035K,37M,2815K,2K,302
431,murphslife,Aaron Murphy,57M,18M,2795K,28K,21K
432,taitl2,tai_tl,8323K,19M,3169K,16K,25K
433,vibinwittay,Tay,41M,15M,2959K,12K,44K
434,leleburnier,LELÃŠ BURNIER,24M,16M,3876K,29K,910
435,ae_ay__99,ØÙŠØ ØÙØÙØÙŠðŸðŸ,15M,32M,162K,13K,32K
436,maddzak,Maddzak,49M,33M,191K,35K,227
437,nianaguerrero,Niana Guerrero,332M,31M,3585K,15K,684
438,cardncyn,Carddd,38M,39M,5419K,801,318
439,soy_marcela4,Soy_marcela,45M,21M,3366K,710,26K
440,crlimit,YT CR Limit,404K,28M,1898K,24K,19K
441,logfive,Logan,25M,21M,3135K,12K,23K
442,katie34556,katie65886,676K,22M,1491K,71K,122
443,hesfinatia,PINATðŸ IG hesfinatia,89M,46M,434K,772,377
444,samdabaddest,Samaria,3124K,15M,3698K,836,33K
445,palmertrolls,Ben Palmer,34M,2M,3278K,884,27K
446,benorsini,Ben Orsini ðŸ,5438K,22M,2933K,28K,718
447,vzelivx,vzelivx,7313K,21M,2712K,26K,13K
448,cassylegaspi,CASSY LEGASPI,58M,37M,3697K,1K,590
449,kwoowk,KWOOWK,26M,2M,2682K,2K,22K
450,abbieherbert,AbbieHerbert,138M,37M,4007K,917,581
451,lyricoo__,ÊŸÊÊÉªááá,12M,13M,1657K,17K,86K
452,mateus_hwang,Mateus Hwang,19M,19M,1368K,58K,26K
453,bswagggy,shaggy,168K,12M,2946K,13K,51K
454,talalionaire,ØÙØÙÙŠÙˆÙÙŠØ,9056K,29M,1951K,2K,18K
455,bigweirdworld,bigweirdworld,15M,11M,3042K,2K,45K
456,yurielkysojeda,Yurielkys Ojeda ðŸ,148M,22M,2773K,13K,23K
457,cemresolmaz,cemre solmaz,104M,2M,137K,62K,17K
458,mrwhosetheboss,Arun Maini,15M,38M,4475K,964,300
459,kjsmoothh,Kjsmoothh,25M,18M,2544K,29K,18K
460,juaniquilador,JuanSGuarnizo,105M,2M,3649K,18K,11K
461,itsmenicksmithy,Nick Smithyman ðŸ,79M,22M,3055K,17K,14K
462,khalidzain124,ØØÙØ ØÙŠÙ,17M,26M,2239K,16K,2K
463,colewherld,colegonzales,53M,29M,2771K,977,16K
464,000072mr,La beba,3413K,2M,2832K,12K,24K
465,ksi,KSI,98M,25M,1786K,44K,178
466,alexojeda,Alex Ojeda ðŸðŸ,81M,26M,2726K,802,22K
467,j3ipy_,Jeipy,82M,17M,3544K,23K,11K
468,louuuyoung,louuuyoung,7097K,8729K,1379K,44K,126K
469,arafatbuffon,ðŸðŸŒØØÙØØª ØÙˆÙÙˆÙðŸŒðŸ,14M,43M,2467K,460,15K
470,reem_alsawas,ØÙŠÙ ØÙØÙˆØØ,19M,39M,1623K,11K,21K
471,ahmedksontini2,Ahmed Ksontini,6433K,21M,77K,0,126K
472,mostafaashraf14,Mostafa Ashraf,17M,28M,268K,12K,15K
473,arigameplays,AriGameplays,232M,28M,3207K,14K,867
474,bela,Bela,88M,27M,3907K,936,982
475,senaitalo,italosenaoficial,26M,21M,1988K,15K,33K
476,kozuehayashii,Kozue,7M,26M,4662K,370,13K
477,elrodcontreras,RODðŸ ,416M,2M,2545K,35K,413
478,kwechi_,Kwes,3779K,16M,2833K,15K,28K
479,5ifvi,ððƒð ðððð ðŽððð,14M,24M,199K,410,37K
480,druskitv,DRUSKI,37M,13M,241K,13K,49K
481,dearra,Deâarra Taylor,37M,25M,4584K,792,923
482,briggi_bozzo,Briggitte Bozzo,239M,52M,3619K,787,245
483,flavinhalouise,Flavinhalouise,122M,32M,1677K,709,28K
484,pailitak7k,Pailita,12M,16M,2574K,27K,21K
485,itskingchris,KingChristian,172M,16M,2997K,28K,13K
486,mikaylanogueira,Mikayla Nogueira,135M,22M,3203K,23K,411
487,rdcworld1,Mark Phillips,31M,1M,2276K,12K,67K
488,charlieputh,Charlie Puth,19M,2M,3248K,19K,937
489,bikedasher,BikeDasher,43M,25M,398K,15K,407
490,jonata_26,JonataðŸ,59M,19M,3196K,646,25K
491,devincaherly,Devin Caherly,85M,4M,4449K,894,147
492,basementgang,Basement Gang,57M,14M,296K,15K,29K
493,soysaucer,fivar,1M,2M,2728K,790,27K
494,abozizo,ÛâÛ ØØØÙØ ØØÙˆ ØÙŠØÙˆ ÛâÛ,47M,37M,2253K,723,15K
495,spriteder_spd,Prite Netijen Netirattanapaiboon,41M,36M,4349K,845,334
496,ugolord,âšï The TikTok Attorney âšï,63M,19M,186K,49K,369
497,iamkailan,KAILAN ðŸšðŸ,39M,24M,2199K,13K,22K
498,lorengray,Loren Gray,546M,31M,3587K,879,761
499,daniuniverse,Dani Universe,97M,31M,322K,956,867
500,ser_jay,Hello Itâs me SerJay,53M,14M,2262K,25K,35K
501,alexwaarren,Alex warren,155M,24M,4198K,992,809
502,lkzinhu,LK,172M,26M,3065K,998,13K
503,joaoferdnan,JoÃo Ferdnan,81M,17M,1735K,21K,4K
504,taossenpai,taos senpai,6357K,12M,2196K,14K,53K
505,isaachp,Isaac HP,31M,14M,2172K,35K,23K
506,maddyleah3,Not me,2462K,2M,1963K,43K,237
507,jordanavucetic,jordanavucetic,28M,11M,2242K,52K,21K
508,carlevellyn,Carla Evellyn,17M,2M,3496K,2K,572
509,chinguamiga,Chingu Amiga,201M,25M,4694K,11K,377
510,elpugaa,Puga,99M,2M,2209K,341,37K
511,reymbayang,Rey,34M,13M,253K,2K,34K
512,tommyunold,Tommy,113M,23M,3178K,22K,172
513,adamw,Adam W,169M,24M,2663K,915,18K
514,annapaull,Anna Paul,52M,24M,4247K,13K,375
515,djadelilyes,Ilyes Djadel,390K,21M,3118K,11K,16K
516,kronnozomberoficial,KronnoZomber,7282K,14M,2891K,21K,23K
517,outtpig,OuttPig,21M,15M,341K,16K,17K
518,rosssmith,Ross Smith,229M,15M,1561K,927,63K
519,glencachysaraofficial,glenca chysara,81M,45M,2123K,13K,522
520,pumatheweirdo,Cat Puma,24M,15M,183K,722,55K
521,twinsjne,Twinsjne ðŸ,11M,24M,4869K,783,665
522,andcarli,Andcarli,117M,63M,2122K,684,578
523,mclivinho,Mc Livinho,4M,22M,3122K,14K,1K
524,mrmilothechonk,Erika and Milo,21M,15M,3136K,13K,22K
525,kimmigneault,Kim Migneault,71M,31M,3587K,539,971
526,unnecessaryinventions,Unnecessary Inventions,53M,24M,3779K,14K,451
527,hunterprosper,Hunter Prosper,51M,17M,3208K,1K,21K
528,bulochkapelmen,BULOCHKAðŸðŸðŸºðŸ,3M,29M,1848K,19K,12K
529,louka__m,Louka,25M,19M,3543K,12K,14K
530,folzaa,folza,12M,11M,1923K,18K,6K
531,iloveyourmomscatt,N/A,82K,13M,1593K,49K,33K
532,austinandlexi,âšïAustin  Lexi ðŸ,4M,18M,3326K,11K,17K
533,lehvideira,Lethicia Videira,78M,9036K,1451K,17K,108K
534,nathalieholscher14,Nathalie Holscher,72M,35M,2957K,936,647
535,sa_h700,ØµØÙØ ØÙØØÙŠØâœ,4174K,2M,2017K,16K,25K
536,ayanakamachi,äçºç,15M,3M,2042K,11K,16K
537,sebasmorenooo,Sebastian Moreno ðŸ,51M,33M,2937K,14K,300
538,larrayeeee,LARRAY,263M,2M,3512K,2K,364
539,le_general_416,tonton G ðŸðŸ,23M,47M,2147K,762,847
540,everett,Everett Noble,10M,19M,4414K,768,12K
541,mcsilsiloficial,mcsilsiloficial,72M,16M,1233K,25K,6K
542,alezhaobukhov,ÐÐÐµÐÐ ÐžÐÑƒÑÐÐ,13M,26M,3092K,11K,851
543,dermdoctor,DermDoctor  Dr Shah,166M,35M,2486K,1K,826
544,abbycasselberry,Abby Casselberry,19M,18M,3483K,1K,16K
545,annapep3,ANNA,1M,17M,3371K,13K,15K
546,fabru_blacutt,Fabru,181M,22M,2429K,24K,562
547,songsforlittles,Ms Rachel,11M,26M,1875K,16K,17K
548,marktilbury,Mark Tilbury  YouTuber  CEO,72M,23M,2245K,620,24K
549,georainbolt,georainbolt,12M,15M,2471K,2K,23K
550,navacarlosss,Carlos Navarro ðŸ,1313K,17M,988K,353,89K
551,lagranjadelborrego,La granja del borrego,111M,3M,3499K,919,581
552,morimura,MoriMuraðŸ,84M,15M,3154K,15K,18K
553,oliviadearlove2,olivia2002,174K,3M,1759K,16K,13K
554,eltonjohn,Elton John,21M,28M,668K,2K,62K
555,conormaynard,Conor Maynard,68M,17M,1604K,25K,31K
556,duncanyounot,Duncan Joseph,43M,14M,3665K,13K,17K
557,jrizzyjeremy,jrizzyjeremy,691K,31M,2252K,768,14K
558,ahmadmahroom99,Ahmad Mahroom,13M,33M,1435K,923,23K
559,avascreams,ava,705K,12M,3726K,28K,639
560,erijasjas,Jasel,5979K,18M,3855K,685,15K
561,artistliilz_,Liilz ðŸš,3426K,16M,240K,29K,973
562,willian99music,á 99 á âŠ,7203K,16M,1435K,188,63K
563,cauamacedo,CauÃ Macedo,114M,16M,231K,29K,11K
564,sabrenorris,Sabre Norris,36M,18M,1869K,41K,329
565,youshi_maru,ããããã,836K,19M,1452K,11K,44K
566,mdrr05,ðŸÙØÙˆØÙ ÙÙØØØªÙÙŠðŸðŸ,3M,3M,1126K,14K,29K
567,deandreee,DeAndre,19M,19M,3151K,826,16K
568,werenotreallystrangers,WNRS,44M,17M,3295K,15K,12K
569,poki,pokimane,63M,23M,2348K,21K,667
570,zbor0vska,Zborovska,11M,19M,2889K,14K,13K
571,7odzz,7oda EinoðŸðŸµ,45M,22M,1627K,16K,25K
572,roportajadam,Mahsun Karaca,11M,21M,1254K,411,51K
573,nadirdearabier,Nadirdearabier,11M,21M,1851K,3K,694
574,aydenmekus,AYDEN MEKUS,115M,21M,2047K,29K,491
575,thegnshow,The Graham Norton Show,17M,29M,2878K,421,13K
576,ladydianka,LADY BUNNYðŸ,91M,15M,1899K,34K,16K
577,skuratof,Anton Skuratov,6232K,18M,1513K,793,44K
578,saray____,Saray,679K,14M,856K,27K,94K
579,kieramlitchfield,Kieram Litchfield,22M,14M,1908K,26K,28K
580,laurence_benson,Laurence Benson,21M,29M,293K,14K,240
581,mohamedheshamofficial,ÙØÙØ ÙØØÙ,5635K,15M,437K,380,211K
582,jaywheeler,Jay Wheeler,54M,16M,2498K,856,27K
583,itsmatheuscosta,Matheus Costa,5M,14M,2058K,2K,28K
584,soanhvadiephihi,Soanh x Diáp,31M,31M,3284K,864,533
585,roadrunnerpete,Pete 1k,722K,9264K,1516K,2K,8K
586,danivallem,Dani Valle,48M,12M,863K,963,124K
587,comhyuga1117,ãããƒ ãƒãƒƒãƒˆã ããããŒ,11M,15M,1658K,47K,993
588,jasonderulo,Jason Derulo,53M,68M,1869K,887,194
589,bilalfadilii,Bilal Fadili,13M,16M,1905K,2K,26K
590,mandrake1984real,Giuseppe Mandrake Ninno,13M,14M,1703K,891,49K
591,kerri_okie,Kerri,31M,11M,1373K,48K,43K
592,championsleague,Champions League,16M,23M,2935K,823,12K
593,luvjunior14,j âï,5603K,16M,4328K,14K,610
594,sallyalawady1,Sally Alawady,41M,34M,1878K,17K,446
595,felipenpv,Felipe Paiva,35M,17M,2596K,18K,13K
596,neitorexe,Neitor,29M,2M,3078K,16K,709
597,camilo,Camilo,288M,24M,2759K,567,15K
598,thelondoncharles,London Charles,6M,17M,3749K,14K,751
599,keemokazi,KEEMOKAZI,301M,28M,3519K,11K,258
600,frantastiktok,Fran Carneros,15M,21M,4584K,587,807
601,elissadeheart,Elissa DeHeart,23M,2M,2924K,974,13K
602,soulzang,ÙØØÙ,2935K,7966K,2183K,2K,57K
603,sweeettails,SweeetTails,28M,14M,1644K,828,5K
604,kane,kane,32M,18M,2218K,13K,2K
605,dreamlifex0,ðŸš âœDream lifeâœ,5692K,12M,1341K,53K,27K
606,omahitiktok,OMAHI,147M,35M,3919K,777,188
607,tsezy,Tommy,48M,2M,2535K,19K,735
608,albertinasacaca1,Albertina Sacaca Cal,65M,26M,2417K,16K,505
609,brilionaire,model kentangðŸŸ,44M,22M,2294K,612,2K
610,wigofellas,wigofellas,344M,26M,1589K,19K,12K
611,_animeedits_0,video,97K,17M,756K,15K,87K
612,christianfabiannn,Christian Fabian,134M,22M,3119K,18K,130
613,gzfoodqood,Foodqood by Giallozafferano,185M,43M,2133K,412,1K
614,thephysicshouse,The Physics House,5924K,18M,3077K,19K,507
615,benedictpolizzi,benedict polizzi,2M,36M,3602K,230,775
616,main_and_aseel,Main  Aseel,13M,3M,1781K,14K,11K
617,ahmedhelmy,Ahmed Helmy,7M,26M,1844K,952,18K
618,analisseworld,Analisseworld,104M,19M,3586K,652,13K
619,zoecolletti,Zoe Colletti,22M,18M,2097K,3K,429
620,k4554ndr4,kassandra ðŸª,978K,1M,2804K,18K,27K
621,kenchanachaisit,Ken Chanachai,4058K,2M,1846K,14K,21K
622,sidaivan,sdvn,898K,23M,1499K,22K,15K
623,mrcaqui,Facundo Izquierdo,68M,978K,2645K,833,41K
624,rubxnillo,Rubenillo,5081K,38M,279K,282,925
625,comyamato0515,ãããƒ ãƒãƒƒãƒˆãããã,19M,12M,1764K,43K,17K
626,brentfordfc,Brentford FC,12M,19M,2523K,16K,11K
627,dede_harlan_,Dede Harlan,2956K,9577K,2281K,19K,38K
628,yurinya1128,ããŠããƒ,6473K,23M,1623K,25K,787
629,hannahkelekacook,Hannah  Regal,33M,17M,2318K,27K,444
630,marilynl19,user1692838440296,9952K,11M,1623K,44K,25K
631,dixiedamelio,dixie,574M,24M,2205K,19K,424
632,somi_official_,JEON SOMI,7M,15M,3296K,2K,496
633,leanbeefpatty,Patty,58M,18M,2777K,15K,1K
634,viki_tory88,ÐÐÐºÐ  ÐÐµÐÑ,3106K,19M,488K,208,129K
635,jakekrantz,Jake Krantz,22M,13M,2619K,701,3K
636,momonatamada,Momona Tamada,44M,17M,3593K,18K,279
637,bankkamo46_,bankkamo46_ðŸ,13M,15M,2047K,11K,3K
638,surthycooks,Surthany hejeij,95M,25M,2736K,14K,353
639,sofiaespanha,sofia espanha,46M,19M,2848K,13K,996
640,waspycraft1,Waspycraft,1944K,23M,1886K,922,19K
641,michou_yt,Michou,74M,24M,2667K,15K,341
642,rachsullivan__,Rach Sullivan,15M,2M,3702K,739,927
643,piperrockelle,âïPiper Rockelleâ ï,104M,19M,1584K,36K,543
644,elmercanchi,Que chimba sog,18M,19M,1382K,691,39K
645,danielzencon,Daniel Zenteno Const,366K,12M,1743K,11K,46K
646,dennysumargoreal,DENNY SUMARGO,33M,35M,1872K,14K,386
647,jakeandrich,Jake Andrich  Jakipz,146M,21M,1642K,16K,19K
648,andreluizframbach,AndrÃ Luiz Frambach,14M,36M,2162K,285,13K
649,6666pd,666,2857K,9245K,1533K,422,79K
650,skaijackson,Skai Jackson ðŸ,201M,21M,4415K,899,372
651,nickrowedder,Nicoly Amanda Rowedder,4577K,1M,2643K,17K,27K
652,esneni,Stefano Da Cunha,44M,14M,2831K,25K,477
653,bellafoodie,Julie  Bella,42M,24M,3137K,474,11K
654,guywithamoviecamera,reece,9815K,14M,329K,11K,14K
655,chocopla_osada,ãƒãƒããƒãƒãƒˆãƒãƒãƒãƒƒãƒˆéçãªãµãƒ,6884K,23M,1079K,977,38K
656,jaydafnwayda,JAYDA WAYDA,37M,16M,2307K,1K,22K
657,abusrwal1996,abusrwal1996,14M,17M,1906K,21K,14K
658,luara,Luara,226M,27M,1859K,19K,403
659,cesarpantojan,Cesar Pantoja,14M,22M,3471K,12K,283
660,islasvlogs_,Islas Vlogs,24M,29M,3137K,842,416
661,postmalone,Post Malone,128M,19M,176K,14K,2K
662,ana_eusse,Ana Maria,133M,3M,3922K,825,141
663,jeromepolin98,Jerome Polin,47M,15M,2311K,24K,924
664,goodboyollie,Good Boy Ollie,42M,9976K,2503K,14K,32K
665,huntersolo,Hunter,24M,26M,3994K,709,383
666,frigerrr,Friger,8286K,13M,3279K,11K,15K
667,trungruoi93,Trung Ruái,21M,37M,1126K,639,21K
668,riyukabunga,RiyukaBunga,29M,19M,1324K,23K,23K
669,nildachiaraviglio,NildaChiaraviglio,1M,15M,789K,478,94K
670,dina_kalanta,Dina_Kalanta,25M,31M,2432K,12K,341
671,foodtimecali,Juan C  RECETAS FOODTIME,45M,15M,1201K,250,6K
672,magalligjimenez,AvaSkyeStrong,952K,28M,1369K,23K,717
673,braceletsbyk_,kp crafts sf,2741K,17M,2261K,11K,18K
674,manja_faiez,Manja,11M,23M,1427K,11K,23K
675,firmanskd,ððŠððð,28M,14M,1445K,397,51K
676,joebartolozzi,Joe Bartolozzi,198M,18M,2933K,18K,379
677,itsniane,niane,17M,11M,1289K,2K,59K
678,melonnfinn,Melon and Finn,15M,1M,2139K,19K,33K
679,khairulaming,Khairulaming,2M,17M,2485K,12K,14K
680,dudamaryah,dudamaryah,59M,2M,2846K,701,13K
681,andresgjohnson,Andres Johnson256,41M,11M,1864K,935,45K
682,luongthingocha,NgÃn HÃ ðŸŒ,6M,24M,2861K,14K,226
683,gergomezzz,Ger Gomez,17M,11M,2103K,13K,33K
684,dilanjaniyar_2,Emang Dilan namanya,26M,19M,2285K,19K,603
685,raulbazanm,RAUL,57M,22M,184K,964,18K
686,tabithaswatosh,Tabs,125M,23M,3622K,11K,203
687,iniganta,Ganta,9868K,13M,1607K,33K,19K
688,herranwalt,Herr Anwalt,57M,14M,1777K,26K,18K
689,kreebinnear,Bree Kinnear,584K,18M,3071K,819,12K
690,iamgeraldhuston,Gerald Huston,17M,15M,2614K,13K,16K
691,loayramadan10,ðŸÙØÙŠ ØÙØØÙðŸ,11M,28M,1905K,760,13K
692,madisonbeer,Madison Beer,179M,12M,2244K,27K,13K
693,anddy_,ANDDY ðŸºðŸŒ,11M,9371K,1419K,73K,792
694,meqs,Minecraft,27M,31M,136K,11K,15K
695,charlotteless,charlotte,12M,24M,2262K,544,15K
696,cristobalsoria,CristÃbal Soria,7204K,11M,1114K,38K,49K
697,hisoyvaleria,valeria ðŸ,85M,14M,189K,1K,3K
698,bennyvelour,Benny Velour,3266K,7865K,1844K,25K,49K
699,carlosferiag,Carlos Feria,401M,25M,2037K,19K,163
700,pkcreedon,Pk514,2004K,14M,2354K,14K,18K
701,loganlisle,Logan Lisle,18M,17M,782K,315,78K
702,sunnyjutt1296,SunNy Jutt,22M,2M,2045K,14K,12K
703,mealsbymitch,Mitch ðŸ,1M,17M,954K,951,54K
704,patinscascavel,Vanessa Patins,35M,8783K,624K,295,188K
705,son_dan,TrÆáng SÆn,14M,37M,1851K,670,841
706,zane,zane,64M,2M,3238K,775,863
707,didiwinx,Didi,52M,2M,2897K,13K,575
708,rankali,ØÙÙƒ  Rnk,5715K,31M,1444K,17K,630
709,farhakhalidi,Farha Khalidi,17M,22M,2026K,14K,880
710,oli_natu,Oli Natu,101M,22M,3053K,749,777
711,fedez,fedez,58M,13M,229K,14K,2K
712,wei__official,ìœììWEi,14M,9595K,2296K,28K,19K
713,xuxameneghel,Xuxa,6845K,23M,1772K,18K,716
714,jzgarcia,Jz Garcia,18M,9692K,2339K,1K,35K
715,blkk1,BLK,4705K,16M,2372K,11K,16K
716,kodasteven,StevenðŸµðŸ,6M,15M,3301K,13K,785
717,sampepper,Sam Pepper,42M,31M,227K,799,642
718,tifannylm,âšïTEF,87M,28M,3556K,816,222
719,maithana9er,Maithana9er,21M,25M,96K,27K,17K
720,carrydisini,Carry Disini,33M,31M,2741K,518,694
721,lockedinout,Lockedinout,51M,16M,2104K,883,21K
722,pipepunk,Pipepunk,15M,9514K,2352K,962,35K
723,rapaellcug,jaeja,8687K,9231K,1946K,24K,32K
724,michaeloftiktok,michaeloftiktok,1M,14M,186K,14K,25K
725,mrnigelng,Nigel Ng Uncle Roger,53M,21M,2512K,621,13K
726,6footkillaa,6footkillaa,9527K,16M,2572K,18K,588
727,haijoel,Haijoel,7363K,4M,1922K,11K,231
728,esnyrrr,Esnyr,54M,16M,2896K,778,14K
729,hairupkneesdownh0e,Ava Soto ,2224K,12M,170K,39K,946
730,morganveraa,Morgan Vera,57M,2M,238K,1K,11K
731,laurahfritz,laura  lena,27M,13M,2541K,11K,19K
732,jdiasss_,JoÃo Dias,78M,13M,2654K,18K,12K
733,greatekyroga,u can call me sasha,11M,11M,3203K,19K,1K
734,jomaryee,Jomar Yee,9M,23M,2267K,13K,626
735,kikakiim,Kika Kim,317M,19M,220K,17K,646
736,pepperonimuffin,Kirsten Titus,79M,22M,4335K,809,225
737,shayvise,Shayvise,36M,21M,4128K,774,361
738,thejoeyswoll,Joey Swoll,53M,17M,2408K,22K,322
739,kieuduylong16,Kiáu Duy Long ðŸ,24M,25M,2439K,14K,220
740,sajads111,ØØØØ ØÙÙØÙ,15M,2M,712K,11K,6K
741,bobbialthoff,Bobbi,35M,29M,2074K,477,11K
742,josefineholum,JosefineðŸðŸââšï,11M,15M,2213K,14K,15K
743,lyodrabeneran,Lyodra Ginting,16M,22M,1725K,14K,11K
744,armando_netto,Armando Netto,48M,21M,2261K,19K,225
745,rachaeloneil,Rachael ONeil,1M,2M,144K,16K,18K
746,andremastijan,andre,7867K,12M,1115K,876,62K
747,pamibabyy,pami â,72M,17M,2889K,679,13K
748,xawado,ØÙˆØØÙˆ  awado  ðŸŽ,12M,17M,1375K,19K,23K
749,annafontanela,Anna Fontanela,39M,21M,3134K,12K,292
750,aragonclyrics,aragonclyrics,14M,13M,944K,96,77K
751,jadepicon,JADE PICON ðŸŒª,88M,2M,3111K,967,567
752,simpforatispaul,Mikaela Testa,27M,21M,3551K,853,423
753,legendasmania,Legendas Mania,7679K,11M,1351K,231,62K
754,philiptanasas,philiptanasas,93M,22M,2529K,11K,610
755,zainahmb,Zainah  Minnie,12M,1M,2081K,11K,32K
756,ffrangomez,Fran GÃmez,15M,14M,2534K,349,23K
757,sibenitoo,SiBenitoo,56M,25M,1857K,15K,598
758,benazelart,Ben Azelart,157M,26M,2216K,12K,452
759,lgndfrvr,LGNDFRVR,17M,16M,2005K,11K,18K
760,worldofxtra,Stan Fukase,8062K,9436K,2906K,14K,2K
761,so077,ØÙˆÙ,4195K,18M,1191K,27K,18K
762,ehgml_16,êëìŒ,4007K,14M,2735K,12K,13K
763,kelvinsabinoof,KelvinSabinoðŸŒµ,15M,1M,1568K,27K,32K
764,bradleythor,Thoren Bradley,57M,13M,1424K,18K,32K
765,anxietycouple,Anxiety couple,122M,24M,271K,893,526
766,alostrich,Matt Mitchell,1M,11M,1343K,1K,51K
767,goharsguide,Gohar Khan,21M,2M,306K,724,779
768,viliacarl,Vilia Carl,41M,28M,2431K,881,470
769,riaricis,Ria Ricis,286M,23M,2427K,764,878
770,k0uvr,Kouvr,136M,27M,4225K,562,240
771,jorgitoparrillero,Jorgito Parrillero,14M,15M,995K,333,6K
772,mell_editz0,é â ð ðŽ ð ðŽ,4805K,15M,2299K,15K,11K
773,homemdehonra,Homem De Honra,793K,9443K,377K,710,25K
774,claragnds,Maria Clara Garcia,186M,19M,1918K,18K,648
775,jakepaul,Jake Paul,167M,15M,1564K,23K,16K
776,albert_cancook,albert_cancook,81M,24M,2652K,829,624
777,soapinmymouthoncemore,tedwards,51K,9433K,1896K,19K,31K
778,cirowhites10,CiroWhites,23M,17M,3017K,908,895
779,theshabakitchen,The Shaba Kitchen,21M,13M,1141K,18K,43K
780,rubiaramallho,Rubia Ramallho,27M,21M,1564K,613,21K
781,bessan_esmail,ØÙŠØØÙ ØØÙØØÙŠÙ  Bessan Ismail,113M,21M,1605K,14K,13K
782,ypkraye,ypkraye,4M,18M,3325K,890,642
783,edlyninbatangas,Boss Edlyn,925K,23M,175K,558,17K
784,armandogreiser,Armando Greiser,524K,6214K,1125K,13K,114K
785,internetelise,elise,5229K,9269K,2065K,597,4K
786,ikercasillas,Iker Casillas,27M,16M,1918K,21K,783
787,rizwanfadilahas,Njan ðŸˆ,16M,1M,2052K,22K,21K
788,bigdaddydmurph,Big Daddy Little Laur,13M,19M,1251K,14K,24K
789,fukada0318,æçãˆãã,49M,26M,164K,13K,751
790,coleandersonj,Cole Anderson James,18M,14M,2621K,11K,12K
791,moneybagyo85,YouTube king von 1,551K,44M,2161K,680,244
792,luisonfelix2,Luis Felix,3954K,23M,995K,11K,28K
793,davidgetial,deivis,148M,19M,3225K,11K,291
794,jezzzini,JEZZINI,25M,8564K,239K,11K,32K
795,sherinicolee,sheri,143M,28M,2632K,11K,103
796,fujiiian,Fuji,163M,22M,2216K,11K,681
797,anardreams,ANAR DREAMS ðŸŽðŸ,159M,3M,1311K,19K,376
798,1_alkaisr_1,ðŸðŸŒØÙÙÙŠØµØðŸŒðŸ,121M,19M,1821K,690,18K
799,joslum,JosÃ L,134M,23M,3649K,779,252
800,erabii,Mohanaderabii,14M,21M,1328K,14K,17K
801,ycnbenz,ðŸðððððððŸ,1321K,13M,44K,849,148K
802,conradovillagra,ááÉÊá,109M,32M,2604K,864,167
803,haniaheheofficiall,Hania Aamir,13M,2M,1909K,18K,432
804,julesleblanc,jules,188M,22M,3225K,952,270
805,real_animasinopal,Animasinopal,18M,29M,2777K,451,619
806,vivinovikaa,ViviðŸ,9991K,16M,1979K,17K,945
807,erikatitus,Erika,33M,16M,3297K,11K,525
808,_amanndaraujo,Amanda AraÃºjo,43M,35M,1726K,997,400
809,tuankiet2000,Kiát HÃ  Tánh,46M,29M,2165K,11K,268
810,madelineargy,madz,23M,15M,3377K,11K,581
811,melon228,Melon nÃ ,19M,24M,1856K,1K,868
812,joelsvnny,Joel Sunny,14M,11M,2083K,23K,13K
813,theandrewschulz,Andrew Schulz,41M,14M,1929K,613,26K
814,littlebubbychild,Little Bubby Child,3562K,8535K,655K,15K,134K
815,jeonifty,ðŸ,250K,8004K,2357K,12K,32K
816,annaxsitar,anna x,12M,26M,3728K,417,442
817,agustinlocutor,agustinlocutor,18M,16M,100K,986,42K
818,meosimmyyt,MÃo Simmy,46M,11M,1371K,47K,626
819,bryceheemjames,BryceðŸˆ,8346K,14M,2376K,18K,688
820,c4tluvr666,Kennedy Walsh,26M,16M,3126K,934,765
821,losariasbrothers,Los Arias,16M,16M,2414K,476,16K
822,stainedhands,Devyn,16M,16M,3353K,359,12K
823,romanlolo,Roman,26M,19M,1704K,2K,579
824,slayeas,LÃa Martinez,39M,18M,2397K,837,11K
825,mo_vlogs,movlogs,33M,49M,1896K,577,300
826,volvydooya,æŸŠVolvy,13M,11M,2331K,12K,2K
827,simoneberlini,SIMONE BERLINI,61M,16M,2598K,868,11K
828,aileenchristineee,Aileenchristineee,58M,14M,2241K,681,19K
829,funny_vip,funny_vip,95M,16M,1965K,476,21K
830,barbaracoura,BÃrbara Coura,95M,14M,2957K,1K,922
831,nada_m7amed,ØÙˆØØðŸðŸðŸ,64M,18M,1908K,812,15K
832,yesimresmi1,YEÅžÄM,171M,35M,1225K,11K,765
833,hjevelyn,Evelyn Ha,28M,11M,2459K,24K,661
834,wubzzy69,William,15M,9119K,1948K,17K,27K
835,onlyjayus,actuallyitsbella,182M,16M,2374K,16K,503
836,nyxlynnx,Nyx,2026K,16M,1555K,18K,14K
837,dhddecor,Design House Decor,765K,11M,1411K,574,44K
838,shoelover99,ophelia ðŸ,89M,1M,1692K,42K,481
839,alzoubinadia,Nadia Alzoubi,55M,15M,759K,738,62K
840,emilwarren1,Emil Warren,8515K,12M,2113K,26K,617
841,clmnsbrock,CLMNS BROCK,16M,14M,1528K,532,33K
842,alxjames,Alx James,22M,8967K,1528K,899,48K
843,tanamongeaulol,Tana Mongeau,74M,21M,2345K,12K,412
844,cassholland,Cass Holland,19M,19M,2877K,856,571
845,arfaytb,ARFAYTB,3727K,8941K,1087K,456,76K
846,britneyspears,Britney Spears,71M,13M,1078K,35K,23K
847,h2balla,Hunter  Frank,32M,2M,2342K,14K,274
848,elalfaeljeferd,ELALFAELJEFERD,13M,19M,1986K,639,14K
849,adamsheey,Adam Shi,53M,12M,2359K,845,19K
850,maxthemeatguy,Max The Meat Guy,49M,21M,2731K,622,720
851,iamauroramusic,AURORA,4M,16M,2162K,16K,659
852,haritsuuu,ãƒãƒªãƒðŸŒæµ,19M,18M,927K,23K,25K
853,vidhia_r,ðŸVidhi_RðŸ,72M,11M,1515K,29K,17K
854,t_400,ØÙˆÙÙŠðŸš,38M,15M,2193K,13K,982
855,gabrielabee,GABI BEE,10M,12M,2391K,22K,432
856,fyp,jack neel,86M,13M,2454K,19K,535
857,dangthuhaf,Äáºng Thu HÃ ,9805K,25M,3004K,672,341
858,miguelito_peru,Miguel Alessandro,17M,18M,1139K,1K,28K
859,mesitaaa,Mesita,3299K,16M,3268K,611,886
860,munir107,Munir  107 Deportes,7525K,12M,884K,371,67K
861,plethoraklaus,graceâïŽïŽ,682K,7303K,1792K,39K,19K
862,alexandramadison_,Alex and Jon,13M,9712K,135K,552,52K
863,playboyjuju,Playboyjuju,3583K,17M,1201K,24K,13K
864,beamngshorts,Beamng Shorts,28M,29M,1589K,1K,630
865,susymourizz,Susy MourizðŸŒ,84M,18M,2122K,15K,470
866,themerkins,THE MERKINS,6319K,6001K,1509K,14K,68K
867,carloandsarah,carloandsarah,4M,21M,2196K,695,924
868,paupelaez_,ÊœáÉááÉªÊá,66M,12M,2576K,21K,336
869,okichloeo,chloeo,37M,14M,1882K,19K,962
870,mrswahlberg,Jenny McCarthy,19M,12M,1478K,32K,986
871,apinyabunying,Apinya Bunying,2156K,15M,2041K,12K,13K
872,imanthonyvargas,Anthony Vargas,66M,18M,2921K,12K,247
873,creatingwonders,Jesse J Pedigo,116M,7529K,963K,14K,88K
874,nalgaliag,natiðŸ,139M,16M,1826K,449,22K
875,zeinazeee,Zeina Zee,38M,22M,1856K,820,990
876,notmarkharris,Mark,567K,7543K,1925K,17K,33K
877,boywithuke,boywithuke,58M,16M,2423K,16K,306
878,lilyxgarcia,Lily Garcia,123M,17M,2485K,972,760
879,rosefriederike,ROSE,39M,31M,1239K,974,930
880,kaylamalecc,kayla,83M,17M,2773K,14K,128
881,theonlycb3,Charles Brockman III,6M,1M,2351K,21K,1K
882,carloscastroes,Carlos Castro,125M,16M,1665K,285,25K
883,hf37777,ÙØÙ ØÙØØÙŠØØâH,4553K,11M,176K,58K,319K
884,jfkexplainsjokes,JFK ðŸ,341K,8888K,1816K,34K,11K
885,johnmicheal1996,Ricky  The Boss,43M,9306K,1095K,784,63K
886,celinaspookyboo,Celina Myers,26M,16M,2467K,12K,625
887,yg_treasure_tiktok,yg_treasure_official,44M,8305K,2169K,22K,18K
888,0808sakura,ðŸŒæœðŸŒ,16M,12M,1447K,27K,15K
889,danethegreatt,Dane Lindfors,25M,13M,1096K,896,43K
890,thedonato,thedonato,81M,13M,1528K,35K,92
891,afraees,Afraa,66M,27M,1857K,594,860
892,rifirdus,RIFIRDUS,21M,21M,1589K,845,13K
893,lilmabuu,Lil Mabu,9581K,2M,2069K,12K,504
894,nadaahmed__1,ØÙ ØØÙˆØ  ÙØØÙˆÙØðŸŒðŸ,9074K,22M,1501K,907,12K
895,maxtaylorlifts,Max Taylor,89M,13M,2312K,12K,12K
896,daddyyankee,daddyyankee,121M,12M,1978K,18K,12K
897,imchef7,Heinz Wuth  Ciencia y Cocina,13M,13M,1893K,530,25K
898,acdc,ACDC,3942K,11M,1822K,879,26K
899,subarumotorsportsusa,Subaru Motorsports USA,1999K,1M,1619K,840,34K
900,in_the_nic_of_time,Nic Suarez,63M,24M,2635K,752,362
901,itsmichhh,Michel Chavez,317M,19M,2604K,12K,218
902,alwanr__,AlwanRK,69M,25M,237K,630,558
903,hieubuiba,BÃi BÃ Hiáºu,23M,28M,2606K,796,185
904,atom221220,ðŸATOMðŸ,28M,13M,2418K,14K,821
905,cedriklorenzen,Cedrik Lorenzen,29M,11M,1153K,23K,32K
906,aureliehermansyahatta,Aurelie Hermansyah,87M,21M,1874K,989,779
907,abopermak,abopermak,73K,23M,697K,26K,17K
908,therealdrmiami,Dr Miami,18M,13M,2706K,681,13K
909,47bato,Batu FuRkan,206K,13M,1725K,11K,21K
910,priimoraa,Prii Moraa,161M,2M,3455K,293,726
911,dylanhoogerwerf,dylan hoogerwerf,22M,23M,2714K,779,318
912,reesewitherspoon,Reese Witherspoon,85M,15M,1479K,23K,878
913,olisboa,LISBOA,33M,16M,2629K,601,11K
914,altarvision,Rowan,167K,11M,2681K,11K,12K
915,jakehunterofficial,Jake hunter,36M,2M,1278K,24K,353
916,huddy,Huddy,322M,2M,1479K,18K,529
917,ikerlafuente,Iker Lafuente ðŸ,1535K,1M,1625K,29K,11K
918,niallmacmillan,Niall MacMillan,5M,15M,1232K,973,27K
919,nhabebap,ðŸŒ NHÃƒ BÃ BáºP ðŸŒ,23M,25M,2678K,689,319
920,lightskinmexican0,lightskinmexican0,1273K,7461K,1198K,824,67K
921,elecherlee,Elecher Lee,1359K,15M,1383K,27K,632
922,summerhaysbros,The Summerhays Bros,7931K,13M,1883K,539,22K
923,amxnahali,Aminah,632K,1M,1782K,23K,14K
924,dudeperfect,Dude Perfect,167M,23M,3274K,469,416
925,j0a0zinh0,joÃozinho,64M,11M,2039K,11K,19K
926,tonystatovci,TONY STATOVCI,24M,9917K,2245K,889,21K
927,sanjosejules,Julie Anne San Jose,2M,23M,2745K,566,486
928,zanfilms,Zan Films,19M,27M,987K,12K,13K
929,melchcooks,melchcooks,1216K,16M,1564K,2K,729
930,sweizayne,Iana McCalebb,17M,9077K,1644K,19K,25K
931,taetoowavy,taetoowavy,8M,873K,1713K,19K,24K
932,alcapone,ðŸØØÙŠØ ØÙÙÙØðŸ,759K,863K,345K,629,213K
933,chris,Chris Olsen,81M,18M,368K,559,424
934,lance210,Lance Stewart,223M,23M,2184K,535,784
935,mozamir,Amir,21M,14M,1759K,18K,869
936,abdullah_eltourky,Eltourky ðŸ,73M,18M,2005K,824,968
937,fionntime,FionnTime,26M,9102K,2103K,14K,2K
938,ngocmatcha,Ngác Matcha ðŸš,41M,11M,150K,33K,617
939,posterised,Posterised,55M,15M,1997K,715,14K
940,texassbitty,Texassbitty,142K,11M,1261K,918,37K
941,ethankleinh3,Ethan Klein,19M,9705K,1366K,3K,19K
942,emrata,Emrata,16M,2M,1868K,965,752
943,mahmooud_shaar,ØØÙˆ ØØØ ðŸðŸŽ,15M,3M,1002K,941,12K
944,anyaischuk,Anya Ischuk,118M,19M,2193K,877,692
945,02h88m,CALL ME LUCAS,12M,9178K,1726K,16K,24K
946,thiennhan5272,Thián NhÃn,41M,29M,2168K,712,295
947,elchaparrito951,el chuacheneguer,61M,13M,495K,525,93K
948,angryreactions,Oneya DâAmelio,266M,15M,2571K,13K,376
949,thereallifeguys,The Real Life Guys,474K,23M,2161K,639,626
950,aspenackley,Sabrina  Andrew,22M,13M,1921K,598,19K
951,gutierrezcastro,Gutierrez Castro,142M,11M,1479K,894,3K
952,joelbergs,JoelBergs,114M,19M,3175K,511,528
953,ragnarlebretonofficiel,Ragnar Le Breton officiel,3834K,15M,1354K,400,27K
954,cowboyjess,cowboyjess,320K,16M,3159K,719,509
955,busheadoph,Busheado,143M,32M,2099K,709,215
956,ryansunandar,Ujang SGNðŸ,48M,8732K,857K,54K,29K
957,nathaliavalente,Nathalia,136M,23M,2429K,731,375
958,mohaimenalaa,ÙÙÙŠÙÙ ØÙØØ,41M,12M,1712K,19K,12K
959,itsmenicksmithy2,Nick Smithyman ðŸŽ,126M,17M,2086K,982,806
960,noeldeyzel_bodybuilder,Noel DeyzelðŸðŸ,53M,14M,2282K,1K,885
961,_liltam,tamz,4973K,22M,2816K,370,623
962,makbeh,BEH,861K,26M,2332K,676,336
963,rajaabelmir,Belmir Rajaa,11M,14M,1338K,11K,23K
964,ditanganu,DitaKerangðŸŒŠ,77M,24M,2114K,846,363
965,kinosgina,KINOSGINA,17M,16M,875K,28K,18K
966,texasbushman,Texas BUSHMAN,21M,12M,197K,611,2K
967,notorious_foodie,Notorious Foodie,15M,17M,1777K,528,15K
968,10july__,ðºððððððð âïâðŸ,11M,1M,1231K,672,43K
969,lamminhduc2404,ðŸAÄðŸ,1302K,23M,886K,23K,686
970,papavincedavao,PapaVinceDavao,5999K,8996K,1161K,28K,3K
971,namyulenka,Namy,69M,15M,2299K,12K,654
972,bankrolldyl,BankrollDylðŸ,5M,11M,2269K,12K,12K
973,interestingthingsz,News For You ðŸŒ,41M,24M,186K,991,357
974,psg,psg,301M,17M,1776K,14K,576
975,elo_os,Eloisa Os,24M,16M,2769K,716,637
976,zenitfc,FC Zenit,4M,19M,2215K,1K,378
977,lauralove5514,LauraLove,76M,15M,2302K,11K,705
978,rbplaying,RB playing,49M,14M,1002K,675,36K
979,manutd,Manchester United,171M,16M,1887K,15K,519
980,amika042914,ãããðŸâœãƒããƒãããƒˆ,12M,13M,968K,32K,15K
981,chiknnuggit,Chikn Nuggit,47M,9485K,1469K,32K,11K
982,aidanmrz,Aidan Mirza,11M,25M,1578K,991,512
983,shehabeldin100,Shehabeldin,69M,14M,141K,16K,14K
984,mrchiquitolina,Nicolino,2692K,8052K,1636K,487,4K
985,nacha_acashore,Michelson,12M,22M,2313K,434,743
986,melanypalacioss,MelanyðŸ,52M,16M,3525K,909,137
987,fortcraft354,Fortcraft354,1892K,14M,1568K,26K,70
988,davidspade,DavidSpade,45M,11M,1586K,15K,18K
989,monikakociolek,Monika KocioÅek,28M,11M,1704K,25K,614
990,yayisrenteria,Yayis Renteria,3399K,19M,1336K,382,19K
991,fabirommel,Fabi Rommel,4097K,1M,1058K,573,49K
992,juanito_pochi,JUANITOðŸðŸš,8272K,21M,1913K,671,781
993,brandonspam_,Brandon Conner,85M,15M,2365K,14K,220
994,macyblackwell,macyblackwell,12M,11M,1044K,382,47K
995,calebrownn,Cale Brown,55M,8346K,1482K,19K,28K
996,brendadialoy,Brenda Dialoy,3719K,12M,1875K,626,2K
997,jujufitcats,Juju Fitcats,43M,22M,2808K,380,558
998,xoteam,XO Team,378M,25M,1802K,859,450
999,kimsnwuo,ïï,1009K,9574K,2268K,908,17K
1000,jass_mcg,jass_mcg,522K,5038K,116K,81K,18K
